position,voltage_mean,voltage_std,n_samples
0.987578966643269,0.0593462975,0.00024101179739018924,16
1.02542191839351,0.059355227499999996,0.00011387874277603379,16
1.06326487014374,0.059645290000000004,0.0001879998762965021,16
1.10110782189398,0.059389501250000004,0.00017748606458941363,16
1.13956114383374,0.0592330525,0.00015153630091087043,16
1.17862483596301,0.05937909125,0.0001798553908656551,16
1.21768852809229,0.05934832375,0.00013885104185218584,16
1.25675222022156,0.059310770624999995,0.00020328558939546013,16
1.29520554216132,0.059231695625,0.00018943033531382817,16
1.3342692342906,0.059223263124999995,0.0001604813394416449,16
1.37272255623035,0.059321571249999996,9.428258408071719e-05,16
1.41239661854915,0.059240010625000006,0.00011629241841521383,16
1.45146031067843,0.05939773875,0.00021233912077367516,16
1.4905240028077,0.059213393125,0.00017659965719526345,16
1.52897732474746,0.059361274375,0.00017982308385496392,16
1.56743064668722,0.0594775625,0.00016152913493004955,16
1.60710470900601,0.0595391225,0.00014792454066600956,16
1.64616840113529,0.059486220625,0.00021453247494461011,16
1.68523209326456,0.059432254375,0.00018216492736558633,16
1.72490615558336,0.05924624437500001,0.0001554288202831428,16
1.76396984771264,0.059297893125,0.00011497328867604148,16
1.80303353984191,0.05949757875,0.00011987422194090607,16
1.84148686178167,0.059777633125,0.00018174522929497816,16
1.88055055391095,0.06044229625,0.00018331783525734152,16
1.91961424604022,0.0614337975,0.00015653308122805847,16
1.95806756797998,0.0622133775,0.00020971422157605352,16
1.99591051973022,0.06305657625000001,0.00018369906038392698,16
2.03497421185949,0.06384998562500001,0.00015567421639311172,16
2.07342753379925,0.0644806175,0.00014264088200354857,16
2.11188085573901,0.065008705,0.0001612612290276243,16
2.14972380748924,0.0655321,0.00013583765093853626,16
2.18756675923948,0.0660525325,0.00018086599004857066,16
2.22540971098972,0.066746815625,0.00016402559182825618,16
2.26386303292947,0.06746587875,0.00018672785229696627,16
2.30170598467971,0.06811456562500001,0.00016520160331276904,16
2.33954893642994,0.06865182187499999,0.00027978897539526786,16
2.37861262855922,0.06907032124999998,0.00016739113073409155,16
2.41706595049898,0.06975006187499999,0.00014569676477271034,16
2.45551927243873,0.070164385,0.00016871095870600743,16
2.49397259437849,0.07054359937499999,0.0002532982732982192,16
2.53242591631825,0.07093567875,0.00013517982601311894,16
2.57148960844752,0.07142082875,0.000197736179980896,16
2.6105533005768,0.07152179624999999,0.0001519741397769306,16
2.64900662251656,0.072133690625,0.00016194421193997275,16
2.68807031464583,0.072551155,0.0001937491614820569,16
2.72652363658559,0.07295530812499999,0.0002131032185707985,16
2.76558732871487,0.0734452925,0.00016889411622004487,16
2.80404065065462,0.07409342125,0.00015265193353160547,16
2.84249397259438,0.07424033875,0.00015154935024914187,16
2.88094729453414,0.07450077375,0.0001487187393570089,16
2.91940061647389,0.074925661875,0.00021452475137553447,16
2.95846430860317,0.075337494375,0.00020432517976771595,16
2.99752800073244,0.075374296875,0.0002466571138929181,16
3.03659169286172,0.075596489375,0.00015985779944487893,16
3.075655384991,0.07564573687500001,0.00017826466888165037,16
3.11410870693075,0.076051573125,0.00015671725119298114,16
3.15317239906003,0.075933755625,0.00016907371620718844,16
3.19040498062075,0.07602603875,0.00018784824715960648,16
3.22763756218146,0.07628233937500001,0.00012975985003405138,16
3.2654805139317,0.07624991,0.0001695076633592108,16
3.30271309549242,0.07643919375,0.00015113870967074365,16
