pos_index,position,sample_index,voltage
0,0.988189336832789,0,0.0550892
0,0.988189336832789,1,0.05508908
0,0.988189336832789,2,0.05506591
0,0.988189336832789,3,0.05530899
0,0.988189336832789,4,0.0549686
0,0.988189336832789,5,0.05496679
0,0.988189336832789,6,0.05533015
0,0.988189336832789,7,0.05530951
0,0.988189336832789,8,0.05533092
0,0.988189336832789,9,0.05501987
0,0.988189336832789,10,0.05504299
0,0.988189336832789,11,0.05490626
0,0.988189336832789,12,0.05484118
0,0.988189336832789,13,0.05489988
0,0.988189336832789,14,0.05501878
0,0.988189336832789,15,0.0549745
1,1.02603228858303,0,0.0552536
1,1.02603228858303,1,0.05491931
1,1.02603228858303,2,0.05457533
1,1.02603228858303,3,0.05475451
1,1.02603228858303,4,0.05482126
1,1.02603228858303,5,0.05501296
1,1.02603228858303,6,0.0545551
1,1.02603228858303,7,0.05475074
1,1.02603228858303,8,0.05464868
1,1.02603228858303,9,0.05483716
1,1.02603228858303,10,0.05487924
1,1.02603228858303,11,0.05481536
1,1.02603228858303,12,0.05507013
1,1.02603228858303,13,0.05476892
1,1.02603228858303,14,0.05492491
1,1.02603228858303,15,0.05486229
2,1.06448561052278,0,0.05448686
2,1.06448561052278,1,0.05464864
2,1.06448561052278,2,0.05476876
2,1.06448561052278,3,0.05486977
2,1.06448561052278,4,0.05480215
2,1.06448561052278,5,0.05457181
2,1.06448561052278,6,0.05486265
2,1.06448561052278,7,0.05482059
2,1.06448561052278,8,0.05503901
2,1.06448561052278,9,0.05471685
2,1.06448561052278,10,0.054803
2,1.06448561052278,11,0.05458374
2,1.06448561052278,12,0.05456089
2,1.06448561052278,13,0.05450701
2,1.06448561052278,14,0.05498338
2,1.06448561052278,15,0.05529895
3,1.10293893246254,0,0.05444161
3,1.10293893246254,1,0.05460421
3,1.10293893246254,2,0.05489144
3,1.10293893246254,3,0.05483091
3,1.10293893246254,4,0.05503203
3,1.10293893246254,5,0.05483427
3,1.10293893246254,6,0.05497439
3,1.10293893246254,7,0.05464736
3,1.10293893246254,8,0.05450955
3,1.10293893246254,9,0.05452206
3,1.10293893246254,10,0.05480172
3,1.10293893246254,11,0.0547444
3,1.10293893246254,12,0.05472383
3,1.10293893246254,13,0.05470805
3,1.10293893246254,14,0.05455819
3,1.10293893246254,15,0.05455954
4,1.1413922544023,0,0.05485635
4,1.1413922544023,1,0.05471746
4,1.1413922544023,2,0.05488776
4,1.1413922544023,3,0.05484468
4,1.1413922544023,4,0.05474556
4,1.1413922544023,5,0.05445933
4,1.1413922544023,6,0.05453379
4,1.1413922544023,7,0.05463744
4,1.1413922544023,8,0.05474298
4,1.1413922544023,9,0.05478236
4,1.1413922544023,10,0.05455561
4,1.1413922544023,11,0.05440942
4,1.1413922544023,12,0.0547502
4,1.1413922544023,13,0.05485634
4,1.1413922544023,14,0.05475233
4,1.1413922544023,15,0.05430018
5,1.17984557634205,0,0.05472649
5,1.17984557634205,1,0.05440371
5,1.17984557634205,2,0.05462427
5,1.17984557634205,3,0.05450485
5,1.17984557634205,4,0.05500369
5,1.17984557634205,5,0.05473888
5,1.17984557634205,6,0.05435225
5,1.17984557634205,7,0.05472718
5,1.17984557634205,8,0.05452665
5,1.17984557634205,9,0.0547207
5,1.17984557634205,10,0.05489191
5,1.17984557634205,11,0.05445142
5,1.17984557634205,12,0.05434932
5,1.17984557634205,13,0.05447995
5,1.17984557634205,14,0.05461648
5,1.17984557634205,15,0.05439935
6,1.21890926847133,0,0.05468612
6,1.21890926847133,1,0.05476687
6,1.21890926847133,2,0.05460339
6,1.21890926847133,3,0.05445092
6,1.21890926847133,4,0.05460903
6,1.21890926847133,5,0.05464334
6,1.21890926847133,6,0.05444042
6,1.21890926847133,7,0.05492251
6,1.21890926847133,8,0.05484558
6,1.21890926847133,9,0.05483075
6,1.21890926847133,10,0.05468758
6,1.21890926847133,11,0.05472696
6,1.21890926847133,12,0.05441625
6,1.21890926847133,13,0.05484813
6,1.21890926847133,14,0.05471596
6,1.21890926847133,15,0.05509502
7,1.2579729606006,0,0.05485303
7,1.2579729606006,1,0.05488036
7,1.2579729606006,2,0.05495507
7,1.2579729606006,3,0.05471079
7,1.2579729606006,4,0.05482327
7,1.2579729606006,5,0.05498084
7,1.2579729606006,6,0.05462821
7,1.2579729606006,7,0.05468156
7,1.2579729606006,8,0.05472472
7,1.2579729606006,9,0.05475919
7,1.2579729606006,10,0.0547517
7,1.2579729606006,11,0.05492745
7,1.2579729606006,12,0.05481007
7,1.2579729606006,13,0.05439055
7,1.2579729606006,14,0.05467979
7,1.2579729606006,15,0.0548411
8,1.29520554216132,0,0.05492806
8,1.29520554216132,1,0.05467836
8,1.29520554216132,2,0.05487044
8,1.29520554216132,3,0.05487353
8,1.29520554216132,4,0.05476772
8,1.29520554216132,5,0.05494552
8,1.29520554216132,6,0.05494981
8,1.29520554216132,7,0.05473109
8,1.29520554216132,8,0.05496883
8,1.29520554216132,9,0.0550336
8,1.29520554216132,10,0.05506708
8,1.29520554216132,11,0.05539875
8,1.29520554216132,12,0.05488446
8,1.29520554216132,13,0.05508924
8,1.29520554216132,14,0.05511729
8,1.29520554216132,15,0.05495837
9,1.33487960448012,0,0.05525692
9,1.33487960448012,1,0.05512513
9,1.33487960448012,2,0.05515058
9,1.33487960448012,3,0.05496872
9,1.33487960448012,4,0.05518241
9,1.33487960448012,5,0.05509402
9,1.33487960448012,6,0.05506499
9,1.33487960448012,7,0.05513192
9,1.33487960448012,8,0.05501164
9,1.33487960448012,9,0.0551389
9,1.33487960448012,10,0.05530246
9,1.33487960448012,11,0.05501959
9,1.33487960448012,12,0.05469071
9,1.33487960448012,13,0.05496323
9,1.33487960448012,14,0.05481581
9,1.33487960448012,15,0.05481682
10,1.37455366679891,0,0.05503974
10,1.37455366679891,1,0.05523448
10,1.37455366679891,2,0.05531639
10,1.37455366679891,3,0.05539374
10,1.37455366679891,4,0.05500598
10,1.37455366679891,5,0.05512838
10,1.37455366679891,6,0.05486989
10,1.37455366679891,7,0.054899
10,1.37455366679891,8,0.05510641
10,1.37455366679891,9,0.05516331
10,1.37455366679891,10,0.05504306
10,1.37455366679891,11,0.05510915
10,1.37455366679891,12,0.05521774
10,1.37455366679891,13,0.05497486
10,1.37455366679891,14,0.05518751
10,1.37455366679891,15,0.05528599
11,1.41483809930723,0,0.05450546
11,1.41483809930723,1,0.0547402
11,1.41483809930723,2,0.05492008
11,1.41483809930723,3,0.05481412
11,1.41483809930723,4,0.05500269
11,1.41483809930723,5,0.05473781
11,1.41483809930723,6,0.05483292
11,1.41483809930723,7,0.05494239
11,1.41483809930723,8,0.05521967
11,1.41483809930723,9,0.05518913
11,1.41483809930723,10,0.05492279
11,1.41483809930723,11,0.05490148
11,1.41483809930723,12,0.0549794
11,1.41483809930723,13,0.05474097
11,1.41483809930723,14,0.0550497
11,1.41483809930723,15,0.05504083
12,1.45390179143651,0,0.05501898
12,1.45390179143651,1,0.05503782
12,1.45390179143651,2,0.05540603
12,1.45390179143651,3,0.05511686
12,1.45390179143651,4,0.05475684
12,1.45390179143651,5,0.05519619
12,1.45390179143651,6,0.05525664
12,1.45390179143651,7,0.05506233
12,1.45390179143651,8,0.05512103
12,1.45390179143651,9,0.05520125
12,1.45390179143651,10,0.05526379
12,1.45390179143651,11,0.05490726
12,1.45390179143651,12,0.05524436
12,1.45390179143651,13,0.05499984
12,1.45390179143651,14,0.05471681
12,1.45390179143651,15,0.05507607
13,1.49296548356578,0,0.05462559
13,1.49296548356578,1,0.05500056
13,1.49296548356578,2,0.05490726
13,1.49296548356578,3,0.05483581
13,1.49296548356578,4,0.05522974
13,1.49296548356578,5,0.05516447
13,1.49296548356578,6,0.0545502
13,1.49296548356578,7,0.05486438
13,1.49296548356578,8,0.05474032
13,1.49296548356578,9,0.05474912
13,1.49296548356578,10,0.05472637
13,1.49296548356578,11,0.05477393
13,1.49296548356578,12,0.05471464
13,1.49296548356578,13,0.05480609
13,1.49296548356578,14,0.05487361
13,1.49296548356578,15,0.05479328
14,1.53263954588458,0,0.05513095
14,1.53263954588458,1,0.05500916
14,1.53263954588458,2,0.05534681
14,1.53263954588458,3,0.05494583
14,1.53263954588458,4,0.05517431
14,1.53263954588458,5,0.05520477
14,1.53263954588458,6,0.0553892
14,1.53263954588458,7,0.05515435
14,1.53263954588458,8,0.05519871
14,1.53263954588458,9,0.05469168
14,1.53263954588458,10,0.05504051
14,1.53263954588458,11,0.05499883
14,1.53263954588458,12,0.0552546
14,1.53263954588458,13,0.05519542
14,1.53263954588458,14,0.05507595
14,1.53263954588458,15,0.05518899
15,1.57231360820338,0,0.05524678
15,1.57231360820338,1,0.05543232
15,1.57231360820338,2,0.05522119
15,1.57231360820338,3,0.05499377
15,1.57231360820338,4,0.05499586
15,1.57231360820338,5,0.05533176
15,1.57231360820338,6,0.05520654
15,1.57231360820338,7,0.05513501
15,1.57231360820338,8,0.05512328
15,1.57231360820338,9,0.05494142
15,1.57231360820338,10,0.05521449
15,1.57231360820338,11,0.05507062
15,1.57231360820338,12,0.05498137
15,1.57231360820338,13,0.05540213
15,1.57231360820338,14,0.05477185
15,1.57231360820338,15,0.05507158
16,1.61137730033265,0,0.05517667
16,1.61137730033265,1,0.05520843
16,1.61137730033265,2,0.05523433
16,1.61137730033265,3,0.05497555
16,1.61137730033265,4,0.05502465
16,1.61137730033265,5,0.05507503
16,1.61137730033265,6,0.05490641
16,1.61137730033265,7,0.05514444
16,1.61137730033265,8,0.05520582
16,1.61137730033265,9,0.05530574
16,1.61137730033265,10,0.05494969
16,1.61137730033265,11,0.05513405
16,1.61137730033265,12,0.05488889
16,1.61137730033265,13,0.05512139
16,1.61137730033265,14,0.0546828
16,1.61137730033265,15,0.05501187
17,1.65044099246193,0,0.05506171
17,1.65044099246193,1,0.0550812
17,1.65044099246193,2,0.05520827
17,1.65044099246193,3,0.05500886
17,1.65044099246193,4,0.05517624
17,1.65044099246193,5,0.05519257
17,1.65044099246193,6,0.05521044
17,1.65044099246193,7,0.05534504
17,1.65044099246193,8,0.05534802
17,1.65044099246193,9,0.05526656
17,1.65044099246193,10,0.05523846
17,1.65044099246193,11,0.05503657
17,1.65044099246193,12,0.05508992
17,1.65044099246193,13,0.05519214
17,1.65044099246193,14,0.05498173
17,1.65044099246193,15,0.05492452
18,1.69072542497024,0,0.05503539
18,1.69072542497024,1,0.05489793
18,1.69072542497024,2,0.05487325
18,1.69072542497024,3,0.05517515
18,1.69072542497024,4,0.05501902
18,1.69072542497024,5,0.05521048
18,1.69072542497024,6,0.05509714
18,1.69072542497024,7,0.05505218
18,1.69072542497024,8,0.05491317
18,1.69072542497024,9,0.05488032
18,1.69072542497024,10,0.05493151
18,1.69072542497024,11,0.05489317
18,1.69072542497024,12,0.05476687
18,1.69072542497024,13,0.05519708
18,1.69072542497024,14,0.05523155
18,1.69072542497024,15,0.05520292
19,1.73039948728904,0,0.05512385
19,1.73039948728904,1,0.05521746
19,1.73039948728904,2,0.05506283
19,1.73039948728904,3,0.05492317
19,1.73039948728904,4,0.05469122
19,1.73039948728904,5,0.05486828
19,1.73039948728904,6,0.05513178
19,1.73039948728904,7,0.05512371
19,1.73039948728904,8,0.05522823
19,1.73039948728904,9,0.05526247
19,1.73039948728904,10,0.05500165
19,1.73039948728904,11,0.05501489
19,1.73039948728904,12,0.05517431
19,1.73039948728904,13,0.05488255
19,1.73039948728904,14,0.05498578
19,1.73039948728904,15,0.05514568
20,1.76946317941832,0,0.05514768
20,1.76946317941832,1,0.05509386
20,1.76946317941832,2,0.05502345
20,1.76946317941832,3,0.05531397
20,1.76946317941832,4,0.05556348
20,1.76946317941832,5,0.05549451
20,1.76946317941832,6,0.05525019
20,1.76946317941832,7,0.05501528
20,1.76946317941832,8,0.05500204
20,1.76946317941832,9,0.05510189
20,1.76946317941832,10,0.05534589
20,1.76946317941832,11,0.05516652
20,1.76946317941832,12,0.05491811
20,1.76946317941832,13,0.05506495
20,1.76946317941832,14,0.0551244
20,1.76946317941832,15,0.05527347
21,1.80791650135807,0,0.05492765
21,1.80791650135807,1,0.05502388
21,1.80791650135807,2,0.05489719
21,1.80791650135807,3,0.05486851
21,1.80791650135807,4,0.05500643
21,1.80791650135807,5,0.05507823
21,1.80791650135807,6,0.05477486
21,1.80791650135807,7,0.05481412
21,1.80791650135807,8,0.05517439
21,1.80791650135807,9,0.05481752
21,1.80791650135807,10,0.05518993
21,1.80791650135807,11,0.05529286
21,1.80791650135807,12,0.05527371
21,1.80791650135807,13,0.05504114
21,1.80791650135807,14,0.05484508
21,1.80791650135807,15,0.05528366
22,1.84759056367687,0,0.05556793
22,1.84759056367687,1,0.05534014
22,1.84759056367687,2,0.05548508
22,1.84759056367687,3,0.05543517
22,1.84759056367687,4,0.05561791
22,1.84759056367687,5,0.05561575
22,1.84759056367687,6,0.05513416
22,1.84759056367687,7,0.05499984
22,1.84759056367687,8,0.05509429
22,1.84759056367687,9,0.05523608
22,1.84759056367687,10,0.05509654
22,1.84759056367687,11,0.05498149
22,1.84759056367687,12,0.05490854
22,1.84759056367687,13,0.0554509
22,1.84759056367687,14,0.05531108
22,1.84759056367687,15,0.05520754
23,1.88665425580615,0,0.05531791
23,1.88665425580615,1,0.05524167
23,1.88665425580615,2,0.05499111
23,1.88665425580615,3,0.0551432
23,1.88665425580615,4,0.05521284
23,1.88665425580615,5,0.05529795
23,1.88665425580615,6,0.0551
23,1.88665425580615,7,0.05507865
23,1.88665425580615,8,0.05499153
23,1.88665425580615,9,0.05521662
23,1.88665425580615,10,0.05545115
23,1.88665425580615,11,0.05485539
23,1.88665425580615,12,0.05505411
23,1.88665425580615,13,0.05495323
23,1.88665425580615,14,0.05508904
23,1.88665425580615,15,0.05507382
24,1.92632831812494,0,0.05498053
24,1.92632831812494,1,0.05557901
24,1.92632831812494,2,0.05521032
24,1.92632831812494,3,0.05518844
24,1.92632831812494,4,0.05517427
24,1.92632831812494,5,0.05510618
24,1.92632831812494,6,0.05504214
24,1.92632831812494,7,0.05484612
24,1.92632831812494,8,0.05511212
24,1.92632831812494,9,0.0551689
24,1.92632831812494,10,0.05515945
24,1.92632831812494,11,0.05505572
24,1.92632831812494,12,0.05503809
24,1.92632831812494,13,0.05472063
24,1.92632831812494,14,0.05492745
24,1.92632831812494,15,0.05502439
25,1.96539201025422,0,0.05627469
25,1.96539201025422,1,0.05627525
25,1.96539201025422,2,0.05682994
25,1.96539201025422,3,0.05663616
25,1.96539201025422,4,0.05675608
25,1.96539201025422,5,0.0561539
25,1.96539201025422,6,0.05633824
25,1.96539201025422,7,0.05573333
25,1.96539201025422,8,0.05581081
25,1.96539201025422,9,0.05672461
25,1.96539201025422,10,0.05644596
25,1.96539201025422,11,0.05678903
25,1.96539201025422,12,0.05647823
25,1.96539201025422,13,0.05690742
25,1.96539201025422,14,0.05696262
25,1.96539201025422,15,0.05654355
26,2.00506607257302,0,0.05940334
26,2.00506607257302,1,0.05957341
26,2.00506607257302,2,0.05959846
26,2.00506607257302,3,0.05891987
26,2.00506607257302,4,0.05901283
26,2.00506607257302,5,0.05855158
26,2.00506607257302,6,0.05893309
26,2.00506607257302,7,0.05896918
26,2.00506607257302,8,0.05932016
26,2.00506607257302,9,0.05961539
26,2.00506607257302,10,0.05923589
26,2.00506607257302,11,0.05905423
26,2.00506607257302,12,0.05937958
26,2.00506607257302,13,0.05961661
26,2.00506607257302,14,0.05955881
26,2.00506607257302,15,0.05922318
27,2.04351939451277,0,0.0620393
27,2.04351939451277,1,0.06196564
27,2.04351939451277,2,0.06176596
27,2.04351939451277,3,0.06156834
27,2.04351939451277,4,0.06122806
27,2.04351939451277,5,0.06184155
27,2.04351939451277,6,0.06163575
27,2.04351939451277,7,0.06168379
27,2.04351939451277,8,0.06179032
27,2.04351939451277,9,0.06142879
27,2.04351939451277,10,0.06171595
27,2.04351939451277,11,0.06172189
27,2.04351939451277,12,0.06177809
27,2.04351939451277,13,0.06106473
27,2.04351939451277,14,0.06155289
27,2.04351939451277,15,0.06107328
28,2.08197271645253,0,0.0642271
28,2.08197271645253,1,0.06404229
28,2.08197271645253,2,0.06375886
28,2.08197271645253,3,0.06354115
28,2.08197271645253,4,0.06373636
28,2.08197271645253,5,0.06369868
28,2.08197271645253,6,0.06376068
28,2.08197271645253,7,0.0642202
28,2.08197271645253,8,0.06414439
28,2.08197271645253,9,0.06368797
28,2.08197271645253,10,0.06440953
28,2.08197271645253,11,0.06405013
28,2.08197271645253,12,0.06423978
28,2.08197271645253,13,0.0638345
28,2.08197271645253,14,0.06387003
28,2.08197271645253,15,0.06372655
29,2.12042603839228,0,0.06616488
29,2.12042603839228,1,0.06613477
29,2.12042603839228,2,0.06585915
29,2.12042603839228,3,0.06616095
29,2.12042603839228,4,0.06615991
29,2.12042603839228,5,0.06627729
29,2.12042603839228,6,0.06643222
29,2.12042603839228,7,0.06666703
29,2.12042603839228,8,0.06613825
29,2.12042603839228,9,0.06608091
29,2.12042603839228,10,0.06638812
29,2.12042603839228,11,0.06615006
29,2.12042603839228,12,0.06589256
29,2.12042603839228,13,0.06570517
29,2.12042603839228,14,0.06553474
29,2.12042603839228,15,0.066225
30,2.15887936033204,0,0.06812359
30,2.15887936033204,1,0.06770454
30,2.15887936033204,2,0.06780282
30,2.15887936033204,3,0.06809983
30,2.15887936033204,4,0.06835219
30,2.15887936033204,5,0.06802466
30,2.15887936033204,6,0.06791627
30,2.15887936033204,7,0.06856228
30,2.15887936033204,8,0.06829693
30,2.15887936033204,9,0.06834286
30,2.15887936033204,10,0.06814387
30,2.15887936033204,11,0.06848548
30,2.15887936033204,12,0.06791168
30,2.15887936033204,13,0.06823572
30,2.15887936033204,14,0.06812622
30,2.15887936033204,15,0.06833211
31,2.19794305246132,0,0.07082504
31,2.19794305246132,1,0.07077652
31,2.19794305246132,2,0.07106345
31,2.19794305246132,3,0.07084321
31,2.19794305246132,4,0.07106958
31,2.19794305246132,5,0.07168501
31,2.19794305246132,6,0.07145929
31,2.19794305246132,7,0.07122485
31,2.19794305246132,8,0.0708948
31,2.19794305246132,9,0.07082911
31,2.19794305246132,10,0.07075875
31,2.19794305246132,11,0.07077727
31,2.19794305246132,12,0.07037631
31,2.19794305246132,13,0.07070059
31,2.19794305246132,14,0.07067144
31,2.19794305246132,15,0.07074004
32,2.23639637440107,0,0.07383717
32,2.23639637440107,1,0.07366021
32,2.23639637440107,2,0.07404275
32,2.23639637440107,3,0.07398085
32,2.23639637440107,4,0.07428933
32,2.23639637440107,5,0.07404096
32,2.23639637440107,6,0.0740286
32,2.23639637440107,7,0.07389691
32,2.23639637440107,8,0.07340755
32,2.23639637440107,9,0.07353608
32,2.23639637440107,10,0.07389453
32,2.23639637440107,11,0.07384784
32,2.23639637440107,12,0.07295876
32,2.23639637440107,13,0.07370168
32,2.23639637440107,14,0.07396014
32,2.23639637440107,15,0.07391323
33,2.27484969634083,0,0.07706592
33,2.27484969634083,1,0.07730942
33,2.27484969634083,2,0.07734266
33,2.27484969634083,3,0.07736078
33,2.27484969634083,4,0.07768161
33,2.27484969634083,5,0.0772569
33,2.27484969634083,6,0.07760265
33,2.27484969634083,7,0.07711505
33,2.27484969634083,8,0.07706833
33,2.27484969634083,9,0.07750636
33,2.27484969634083,10,0.07694399
33,2.27484969634083,11,0.07617912
33,2.27484969634083,12,0.07696651
33,2.27484969634083,13,0.07690021
33,2.27484969634083,14,0.07728829
33,2.27484969634083,15,0.07746442
34,2.31391338847011,0,0.08010177
34,2.31391338847011,1,0.08016778
34,2.31391338847011,2,0.08045003
34,2.31391338847011,3,0.08060843
34,2.31391338847011,4,0.07991385
34,2.31391338847011,5,0.08020195
34,2.31391338847011,6,0.08019146
34,2.31391338847011,7,0.07985531
34,2.31391338847011,8,0.07984874
34,2.31391338847011,9,0.08008809
34,2.31391338847011,10,0.07968881
34,2.31391338847011,11,0.07938399
34,2.31391338847011,12,0.08023341
34,2.31391338847011,13,0.08023252
34,2.31391338847011,14,0.08008671
34,2.31391338847011,15,0.08016872
35,2.35297708059938,0,0.08253983
35,2.35297708059938,1,0.08204675
35,2.35297708059938,2,0.08247761
35,2.35297708059938,3,0.08240092
35,2.35297708059938,4,0.0818762
35,2.35297708059938,5,0.08236308
35,2.35297708059938,6,0.08222216
35,2.35297708059938,7,0.0819605
35,2.35297708059938,8,0.08176851
35,2.35297708059938,9,0.08170316
35,2.35297708059938,10,0.08198819
35,2.35297708059938,11,0.0823959
35,2.35297708059938,12,0.08177955
35,2.35297708059938,13,0.08229932
35,2.35297708059938,14,0.08213118
35,2.35297708059938,15,0.08282924
36,2.39082003234962,0,0.08469003
36,2.39082003234962,1,0.08460685
36,2.39082003234962,2,0.08462161
36,2.39082003234962,3,0.08474967
36,2.39082003234962,4,0.0845115
36,2.39082003234962,5,0.08465551
36,2.39082003234962,6,0.0843622
36,2.39082003234962,7,0.08433919
36,2.39082003234962,8,0.08441989
36,2.39082003234962,9,0.08450454
36,2.39082003234962,10,0.08463979
36,2.39082003234962,11,0.0846813
36,2.39082003234962,12,0.08483787
36,2.39082003234962,13,0.08432772
36,2.39082003234962,14,0.08464009
36,2.39082003234962,15,0.08477835
37,2.42866298409986,0,0.08739952
37,2.42866298409986,1,0.08730876
37,2.42866298409986,2,0.08729834
37,2.42866298409986,3,0.08699694
37,2.42866298409986,4,0.08704191
37,2.42866298409986,5,0.08661056
37,2.42866298409986,6,0.08709084
37,2.42866298409986,7,0.08714918
37,2.42866298409986,8,0.0871059
37,2.42866298409986,9,0.0872528
37,2.42866298409986,10,0.08728072
37,2.42866298409986,11,0.08726372
37,2.42866298409986,12,0.08755189
37,2.42866298409986,13,0.08731472
37,2.42866298409986,14,0.08747241
37,2.42866298409986,15,0.0868383
38,2.46711630603961,0,0.09004234
38,2.46711630603961,1,0.08939808
38,2.46711630603961,2,0.08942956
38,2.46711630603961,3,0.08952323
38,2.46711630603961,4,0.08945923
38,2.46711630603961,5,0.08935286
38,2.46711630603961,6,0.08939406
38,2.46711630603961,7,0.08977865
38,2.46711630603961,8,0.08978304
38,2.46711630603961,9,0.08906155
38,2.46711630603961,10,0.08962114
38,2.46711630603961,11,0.08971366
38,2.46711630603961,12,0.08925413
38,2.46711630603961,13,0.08905163
38,2.46711630603961,14,0.08938617
38,2.46711630603961,15,0.08886484
39,2.50679036835841,0,0.09132382
39,2.50679036835841,1,0.09125988
39,2.50679036835841,2,0.0910271
39,2.50679036835841,3,0.09108962
39,2.50679036835841,4,0.09082048
39,2.50679036835841,5,0.09127588
39,2.50679036835841,6,0.09127244
39,2.50679036835841,7,0.09096286
39,2.50679036835841,8,0.09122054
39,2.50679036835841,9,0.09135202
39,2.50679036835841,10,0.09141207
39,2.50679036835841,11,0.09137462
39,2.50679036835841,12,0.09133914
39,2.50679036835841,13,0.09138165
39,2.50679036835841,14,0.09143202
39,2.50679036835841,15,0.09114197
40,2.54646443067721,0,0.09304066
40,2.54646443067721,1,0.09282956
40,2.54646443067721,2,0.09276478
40,2.54646443067721,3,0.09309793
40,2.54646443067721,4,0.09259646
40,2.54646443067721,5,0.09290061
40,2.54646443067721,6,0.0929047
40,2.54646443067721,7,0.09318224
40,2.54646443067721,8,0.09291106
40,2.54646443067721,9,0.09287847
40,2.54646443067721,10,0.09257678
40,2.54646443067721,11,0.09270551
40,2.54646443067721,12,0.09280962
40,2.54646443067721,13,0.09277456
40,2.54646443067721,14,0.09258085
40,2.54646443067721,15,0.09261879
41,2.586138492996,0,0.09417076
41,2.586138492996,1,0.094222
41,2.586138492996,2,0.09402408
41,2.586138492996,3,0.09436546
41,2.586138492996,4,0.09409194
41,2.586138492996,5,0.0943433
41,2.586138492996,6,0.09424435
41,2.586138492996,7,0.09450878
41,2.586138492996,8,0.09441269
41,2.586138492996,9,0.09439129
41,2.586138492996,10,0.09469967
41,2.586138492996,11,0.09432893
41,2.586138492996,12,0.09390961
41,2.586138492996,13,0.09413931
41,2.586138492996,14,0.09397531
41,2.586138492996,15,0.0942495
42,2.6258125553148,0,0.08623186
42,2.6258125553148,1,0.08675618
42,2.6258125553148,2,0.08649393
42,2.6258125553148,3,0.08696683
42,2.6258125553148,4,0.08648051
42,2.6258125553148,5,0.08627477
42,2.6258125553148,6,0.08666623
42,2.6258125553148,7,0.08625025
42,2.6258125553148,8,0.08618794
42,2.6258125553148,9,0.08634891
42,2.6258125553148,10,0.08638936
42,2.6258125553148,11,0.08615664
42,2.6258125553148,12,0.08625238
42,2.6258125553148,13,0.08631817
42,2.6258125553148,14,0.08612946
42,2.6258125553148,15,0.08630418
43,2.66487624744408,0,0.08650126
43,2.66487624744408,1,0.08653834
43,2.66487624744408,2,0.08663362
43,2.66487624744408,3,0.08666092
43,2.66487624744408,4,0.08684137
43,2.66487624744408,5,0.08685612
43,2.66487624744408,6,0.08655252
43,2.66487624744408,7,0.08721868
43,2.66487624744408,8,0.08685642
43,2.66487624744408,9,0.08666047
43,2.66487624744408,10,0.08698634
43,2.66487624744408,11,0.08660885
43,2.66487624744408,12,0.08643728
43,2.66487624744408,13,0.08625332
43,2.66487624744408,14,0.08658319
43,2.66487624744408,15,0.08648401
44,2.70393993957335,0,0.0869031
44,2.70393993957335,1,0.08712591
44,2.70393993957335,2,0.0869652
44,2.70393993957335,3,0.08692048
44,2.70393993957335,4,0.08692944
44,2.70393993957335,5,0.08716718
44,2.70393993957335,6,0.0872533
44,2.70393993957335,7,0.08703589
44,2.70393993957335,8,0.08750666
44,2.70393993957335,9,0.08715696
44,2.70393993957335,10,0.08733673
44,2.70393993957335,11,0.08686327
44,2.70393993957335,12,0.08663112
44,2.70393993957335,13,0.0869428
44,2.70393993957335,14,0.08719666
44,2.70393993957335,15,0.0873787
45,2.74239326151311,0,0.08650704
45,2.74239326151311,1,0.08691496
45,2.74239326151311,2,0.08668399
45,2.74239326151311,3,0.08692844
45,2.74239326151311,4,0.08692361
45,2.74239326151311,5,0.08669183
45,2.74239326151311,6,0.08688522
45,2.74239326151311,7,0.08679026
45,2.74239326151311,8,0.08676033
45,2.74239326151311,9,0.08644877
45,2.74239326151311,10,0.08686711
45,2.74239326151311,11,0.08665282
45,2.74239326151311,12,0.08672138
45,2.74239326151311,13,0.08697893
45,2.74239326151311,14,0.08678398
45,2.74239326151311,15,0.08702373
46,2.78084658345286,0,0.08621643
46,2.78084658345286,1,0.08618319
46,2.78084658345286,2,0.08639853
46,2.78084658345286,3,0.08645379
46,2.78084658345286,4,0.08630336
46,2.78084658345286,5,0.08607084
46,2.78084658345286,6,0.08645423
46,2.78084658345286,7,0.08575074
46,2.78084658345286,8,0.08608107
46,2.78084658345286,9,0.08575093
46,2.78084658345286,10,0.08621088
46,2.78084658345286,11,0.08625306
46,2.78084658345286,12,0.08614767
46,2.78084658345286,13,0.08599996
46,2.78084658345286,14,0.08628212
46,2.78084658345286,15,0.08606625
47,2.81991027558214,0,0.08582106
47,2.81991027558214,1,0.08576623
47,2.81991027558214,2,0.08557685
47,2.81991027558214,3,0.08576085
47,2.81991027558214,4,0.08571298
47,2.81991027558214,5,0.08578764
47,2.81991027558214,6,0.08563864
47,2.81991027558214,7,0.08570036
47,2.81991027558214,8,0.08570142
47,2.81991027558214,9,0.08595649
47,2.81991027558214,10,0.08597272
47,2.81991027558214,11,0.08573229
47,2.81991027558214,12,0.08563776
47,2.81991027558214,13,0.08587
47,2.81991027558214,14,0.08580646
47,2.81991027558214,15,0.0859134
48,2.85897396771142,0,0.08560766
48,2.85897396771142,1,0.08568092
48,2.85897396771142,2,0.08572533
48,2.85897396771142,3,0.08563977
48,2.85897396771142,4,0.08564793
48,2.85897396771142,5,0.08576328
48,2.85897396771142,6,0.08540863
48,2.85897396771142,7,0.08504593
48,2.85897396771142,8,0.08540161
48,2.85897396771142,9,0.08537086
48,2.85897396771142,10,0.08558044
48,2.85897396771142,11,0.0856007
48,2.85897396771142,12,0.08540748
48,2.85897396771142,13,0.08552992
48,2.85897396771142,14,0.08555018
48,2.85897396771142,15,0.08534829
49,2.89803765984069,0,0.08577935
49,2.89803765984069,1,0.08535121
49,2.89803765984069,2,0.08567484
49,2.89803765984069,3,0.0854861
49,2.89803765984069,4,0.08549069
49,2.89803765984069,5,0.08552591
49,2.89803765984069,6,0.08550014
49,2.89803765984069,7,0.08538053
49,2.89803765984069,8,0.0854024
49,2.89803765984069,9,0.08526316
49,2.89803765984069,10,0.0854191
49,2.89803765984069,11,0.08557201
49,2.89803765984069,12,0.08565069
49,2.89803765984069,13,0.08562542
49,2.89803765984069,14,0.08567697
49,2.89803765984069,15,0.08561474
50,2.93710135196997,0,0.08590105
50,2.93710135196997,1,0.08561751
50,2.93710135196997,2,0.08593773
50,2.93710135196997,3,0.08574285
50,2.93710135196997,4,0.08548649
50,2.93710135196997,5,0.08578612
50,2.93710135196997,6,0.08563199
50,2.93710135196997,7,0.0856648
50,2.93710135196997,8,0.0855714
50,2.93710135196997,9,0.08578825
50,2.93710135196997,10,0.08542275
50,2.93710135196997,11,0.08580142
50,2.93710135196997,12,0.08580142
50,2.93710135196997,13,0.08566499
50,2.93710135196997,14,0.0858141
50,2.93710135196997,15,0.08575976
51,2.97677541428877,0,0.08609117
51,2.97677541428877,1,0.08586881
51,2.97677541428877,2,0.08598176
51,2.97677541428877,3,0.08560006
51,2.97677541428877,4,0.08586541
51,2.97677541428877,5,0.08561286
51,2.97677541428877,6,0.08549631
51,2.97677541428877,7,0.086012
51,2.97677541428877,8,0.08594174
51,2.97677541428877,9,0.08601236
51,2.97677541428877,10,0.0855804
51,2.97677541428877,11,0.08577526
51,2.97677541428877,12,0.08556563
51,2.97677541428877,13,0.08574546
51,2.97677541428877,14,0.08595041
51,2.97677541428877,15,0.08600491
52,3.01583910641804,0,0.08598742
52,3.01583910641804,1,0.08604643
52,3.01583910641804,2,0.08594283
52,3.01583910641804,3,0.08612867
52,3.01583910641804,4,0.08622663
52,3.01583910641804,5,0.08599044
52,3.01583910641804,6,0.08620375
52,3.01583910641804,7,0.08585662
52,3.01583910641804,8,0.08590724
52,3.01583910641804,9,0.08585875
52,3.01583910641804,10,0.08596489
52,3.01583910641804,11,0.08605893
52,3.01583910641804,12,0.08590423
52,3.01583910641804,13,0.08608276
52,3.01583910641804,14,0.08616204
52,3.01583910641804,15,0.08590762
53,3.0542924283578,0,0.08578029
53,3.0542924283578,1,0.08610376
53,3.0542924283578,2,0.08605084
53,3.0542924283578,3,0.08598144
53,3.0542924283578,4,0.08609241
53,3.0542924283578,5,0.08602818
53,3.0542924283578,6,0.0859933
53,3.0542924283578,7,0.08602875
53,3.0542924283578,8,0.08570464
53,3.0542924283578,9,0.08549376
53,3.0542924283578,10,0.0856246
53,3.0542924283578,11,0.08559547
53,3.0542924283578,12,0.08595391
53,3.0542924283578,13,0.08612955
53,3.0542924283578,14,0.08575476
53,3.0542924283578,15,0.08601525
54,3.09274575029756,0,0.08641993
54,3.09274575029756,1,0.08624466
54,3.09274575029756,2,0.08638471
54,3.09274575029756,3,0.08651613
54,3.09274575029756,4,0.08629633
54,3.09274575029756,5,0.08645571
54,3.09274575029756,6,0.08643309
54,3.09274575029756,7,0.08642796
54,3.09274575029756,8,0.08635975
54,3.09274575029756,9,0.08655886
54,3.09274575029756,10,0.08646149
54,3.09274575029756,11,0.08618487
54,3.09274575029756,12,0.08625463
54,3.09274575029756,13,0.08638931
54,3.09274575029756,14,0.08622465
54,3.09274575029756,15,0.08615381
55,3.13180944242683,0,0.08628605
55,3.13180944242683,1,0.0862727
55,3.13180944242683,2,0.08608144
55,3.13180944242683,3,0.08617873
55,3.13180944242683,4,0.08664691
55,3.13180944242683,5,0.08637788
55,3.13180944242683,6,0.08616174
55,3.13180944242683,7,0.08648283
55,3.13180944242683,8,0.08588059
55,3.13180944242683,9,0.08583429
55,3.13180944242683,10,0.08625619
55,3.13180944242683,11,0.08607434
55,3.13180944242683,12,0.08606845
55,3.13180944242683,13,0.0863065
55,3.13180944242683,14,0.08607052
55,3.13180944242683,15,0.08589193
56,3.17026276436659,0,0.08616404
56,3.17026276436659,1,0.08588929
56,3.17026276436659,2,0.08617119
56,3.17026276436659,3,0.08598755
56,3.17026276436659,4,0.08606198
56,3.17026276436659,5,0.08601809
56,3.17026276436659,6,0.08589382
56,3.17026276436659,7,0.08606809
56,3.17026276436659,8,0.08591739
56,3.17026276436659,9,0.08583743
56,3.17026276436659,10,0.08598621
56,3.17026276436659,11,0.08614034
56,3.17026276436659,12,0.08626541
56,3.17026276436659,13,0.08620984
56,3.17026276436659,14,0.08612879
56,3.17026276436659,15,0.08589157
57,3.20871608630634,0,0.08614198
57,3.20871608630634,1,0.08645862
57,3.20871608630634,2,0.08633447
57,3.20871608630634,3,0.08627483
57,3.20871608630634,4,0.08636829
57,3.20871608630634,5,0.08632626
57,3.20871608630634,6,0.08623474
57,3.20871608630634,7,0.08636497
57,3.20871608630634,8,0.08649299
57,3.20871608630634,9,0.08662854
57,3.20871608630634,10,0.08653326
57,3.20871608630634,11,0.08663753
57,3.20871608630634,12,0.08641645
57,3.20871608630634,13,0.08643559
57,3.20871608630634,14,0.08620914
57,3.20871608630634,15,0.08649305
58,3.24777977843562,0,0.08633398
58,3.24777977843562,1,0.08650321
58,3.24777977843562,2,0.08648214
58,3.24777977843562,3,0.08643623
58,3.24777977843562,4,0.08626635
58,3.24777977843562,5,0.08613946
58,3.24777977843562,6,0.08614606
58,3.24777977843562,7,0.08646327
58,3.24777977843562,8,0.08643785
58,3.24777977843562,9,0.0862964
58,3.24777977843562,10,0.08619379
58,3.24777977843562,11,0.08617566
58,3.24777977843562,12,0.08646351
58,3.24777977843562,13,0.08628788
58,3.24777977843562,14,0.08599908
58,3.24777977843562,15,0.08623927
59,3.28623310037538,0,0.08658256
59,3.28623310037538,1,0.08668312
59,3.28623310037538,2,0.08646954
59,3.28623310037538,3,0.0864714
59,3.28623310037538,4,0.08610334
59,3.28623310037538,5,0.08631723
59,3.28623310037538,6,0.08610671
59,3.28623310037538,7,0.08607133
59,3.28623310037538,8,0.0863321
59,3.28623310037538,9,0.08635028
59,3.28623310037538,10,0.0863634
59,3.28623310037538,11,0.08627596
59,3.28623310037538,12,0.08655377
59,3.28623310037538,13,0.08628669
59,3.28623310037538,14,0.08648471
59,3.28623310037538,15,0.08625306
60,3.32407605212561,0,0.08668864
60,3.32407605212561,1,0.08653194
60,3.32407605212561,2,0.08639086
60,3.32407605212561,3,0.08642261
60,3.32407605212561,4,0.08639977
60,3.32407605212561,5,0.0865761
60,3.32407605212561,6,0.08632495
60,3.32407605212561,7,0.08645768
60,3.32407605212561,8,0.08624019
60,3.32407605212561,9,0.08656619
60,3.32407605212561,10,0.08608577
60,3.32407605212561,11,0.08642048
60,3.32407605212561,12,0.0863124
60,3.32407605212561,13,0.08644965
60,3.32407605212561,14,0.0863102
60,3.32407605212561,15,0.08651419
